,Periodo,Alfilorios Volumen (hm3),Alfilorios Porcentaje,Arbón Volumen (hm3),Arbón Porcentaje,La Barca Volumen (hm3),La Barca Porcentaje,Doiras Volumen (hm3),Doiras Porcentaje,Salime Volumen (hm3),Salime Porcentaje,Tanes - Rioseco Volumen (hm3),Tanes - Rioseco Porcentaje
0,1999-01,5.79,70.96,35.65,88.24,22.1,66.65,104.22,90.94,125.61,47.29,22.28,59.32
1,1999-02,5.63,66.94,35.24,87.23,22.69,68.43,108.04,94.28,155.88,58.68,28.2,75.08
2,1999-03,6.47,76.93,34.48,85.35,27.77,83.75,110.57,96.48,203.59,76.64,25.37,67.55
3,1999-04,6.61,78.6,34.48,85.35,28.63,86.34,108.04,94.28,222.27,83.68,26.77,71.27
4,1999-05,6.72,79.91,35.43,87.7,29.74,89.69,113.27,98.84,152.48,57.4,32.05,85.33
5,1999-06,5.48,65.16,35.73,88.44,32.2,97.11,3.24,2.83,94.28,35.49,29.2,77.74
6,1999-07,4.31,51.25,36.39,90.07,32.56,98.19,0.28,0.24,105.84,39.85,25.12,66.88
7,1999-08,3.36,39.95,31.49,77.95,32.33,97.5,0.33,0.29,105.97,39.89,17.69,47.1
8,1999-09,2.81,33.41,35.95,88.99,29.09,87.73,0.28,0.24,109.51,41.23,14.31,38.1
9,1999-10,2.64,31.39,33.92,83.96,31.51,95.02,5.28,4.61,142.57,53.67,14.29,38.05
10,1999-11,3.99,47.44,35.46,87.77,25.93,78.2,107.56,93.86,192.75,72.56,18.53,49.33
11,1999-12,5.37,63.85,33.68,83.37,27.55,83.08,107.51,93.81,215.49,81.12,21.71,57.8
12,1999,4.93,58.82,34.83,86.2,28.51,85.97,64.05,55.89,152.19,57.29,22.96,61.13
13,2000-01,5.59,66.47,31.96,79.11,26.48,79.86,102.51,89.45,131.02,49.32,20.31,54.07
14,2000-02,6.12,72.77,34.97,86.56,25.63,77.29,110.34,96.28,120.79,45.47,27.03,71.97
15,2000-03,6.08,72.3,36.75,90.97,25.37,76.51,111.59,97.37,112.38,42.31,19.52,51.97
16,2000-04,7.63,90.73,35.05,86.76,29.88,90.11,110.03,96.01,226.27,85.18,29.53,78.62
17,2000-05,8.15,96.91,34.32,84.95,32.37,97.62,111.46,97.26,164.34,61.87,32.22,85.78
18,2000-06,7.46,88.7,35.24,87.23,32.42,97.77,78.67,68.65,137.38,51.72,31.55,84.0
19,2000-07,5.85,69.56,30.05,74.38,32.82,98.98,78.78,68.74,143.0,53.83,25.06,66.72
20,2000-08,4.44,52.79,28.37,70.22,32.56,98.19,107.6,93.89,115.15,43.35,19.17,51.04
21,2000-09,3.36,39.95,28.5,70.55,32.71,98.64,75.2,65.62,133.15,50.13,12.26,32.64
22,2000-10,3.17,37.69,30.05,74.38,32.18,97.05,89.68,78.26,125.01,47.06,19.97,53.17
23,2000-11,4.54,53.98,35.13,86.96,27.74,83.66,112.36,98.05,252.33,94.99,28.5,75.88
24,2000-12,4.78,56.84,33.81,83.69,25.07,75.6,107.43,93.74,238.72,89.87,23.49,62.54
25,2000,5.6,66.56,32.85,81.31,29.6,89.27,99.64,86.94,158.29,59.59,24.05,64.03
26,2001-01,6.53,77.65,33.36,82.57,27.25,82.18,108.79,94.93,249.54,93.94,30.35,80.8
27,2001-02,7.49,89.06,36.25,89.73,27.25,82.18,101.07,88.19,227.61,85.69,27.95,74.41
28,2001-03,8.43,100.24,34.8,86.14,28.56,86.13,109.41,95.47,246.21,92.69,29.43,78.36
29,2001-04,8.13,96.67,33.47,82.85,30.37,91.59,102.0,89.01,235.18,88.54,32.45,86.4
30,2001-05,8.38,99.64,35.86,88.76,16.99,51.24,103.32,90.16,256.6,96.6,32.85,87.46
31,2001-06,7.9,93.94,35.95,88.99,31.83,95.99,105.42,91.99,226.94,85.44,31.67,84.32
32,2001-07,6.18,73.48,36.14,89.46,32.82,98.98,101.37,88.46,194.22,73.12,26.79,71.33
33,2001-08,5.5,65.4,35.76,88.52,32.64,98.43,83.02,72.44,168.71,63.51,19.54,52.02
34,2001-09,4.06,48.28,35.73,88.44,32.31,97.44,106.38,92.83,119.14,44.85,13.08,34.82
35,2001-10,4.5,53.51,36.68,90.79,32.56,98.19,70.94,61.9,98.48,37.07,9.13,24.31
36,2001-11,3.12,37.1,36.28,89.8,31.97,96.41,85.29,74.42,81.25,30.59,25.98,69.17
37,2001-12,3.37,40.07,35.59,88.09,32.26,97.29,54.04,47.16,66.34,24.98,23.94,63.74
38,2001,6.13,72.92,35.49,87.84,29.73,89.67,94.25,82.25,180.85,68.08,25.26,67.26
39,2002-01,3.39,40.31,34.91,86.41,32.91,99.25,34.67,30.25,99.26,37.37,31.38,83.55
40,2002-02,3.5,41.62,35.4,87.62,17.09,51.54,60.75,53.01,170.31,64.11,32.81,87.35
41,2002-03,4.3,51.13,35.84,88.71,23.56,71.05,113.49,99.03,182.81,68.82,29.74,79.18
42,2002-04,5.46,64.92,34.29,84.88,30.3,91.38,102.59,89.52,200.76,75.58,32.33,86.08
43,2002-05,6.72,79.91,36.52,90.4,16.66,50.24,98.86,86.27,225.0,84.7,32.68,87.01
44,2002-06,7.44,88.47,36.47,90.27,15.89,47.92,106.94,93.32,227.84,85.77,33.05,87.99
45,2002-07,7.53,89.54,36.22,89.65,28.68,86.49,91.91,80.2,217.81,82.0,30.59,81.44
46,2002-08,7.39,87.87,36.75,90.97,32.37,97.62,77.08,67.26,214.34,80.69,28.81,76.7
47,2002-09,7.39,87.87,34.64,85.74,32.62,98.37,98.49,85.94,184.69,69.53,27.7,73.75
48,2002-10,6.95,82.64,36.5,90.35,27.82,83.9,113.04,98.64,158.45,59.65,30.35,80.8
49,2002-11,6.8,80.86,34.43,85.22,24.02,72.44,109.05,95.16,205.89,77.51,28.55,76.01
50,2002-12,7.84,93.22,31.29,77.45,25.44,76.72,110.56,96.48,239.88,90.31,28.23,75.16
51,2002,6.23,74.03,35.27,87.31,25.61,77.24,93.12,81.26,193.92,73.0,30.52,81.25
52,2003-01,7.93,94.29,33.36,82.57,30.44,91.8,108.3,94.5,254.42,95.78,29.14,77.58
53,2003-02,7.88,93.7,33.76,83.56,24.62,74.25,98.41,85.87,213.19,80.26,30.71,81.76
54,2003-03,7.39,87.87,32.27,79.88,25.63,77.29,96.76,84.43,195.57,73.63,29.8,79.34
55,2003-04,6.66,79.19,33.47,82.85,14.54,43.85,105.47,92.03,211.05,79.45,32.43,86.34
56,2003-05,6.22,73.96,35.7,88.37,14.89,44.9,96.27,84.01,214.77,80.85,32.48,86.48
57,2003-06,4.28,50.89,33.55,83.05,20.2,60.92,92.86,81.03,202.76,76.33,28.66,76.31
58,2003-07,4.57,54.34,35.54,87.97,26.91,81.15,109.14,95.24,168.59,63.47,23.31,62.06
59,2003-08,3.83,45.54,35.59,88.09,27.79,83.81,83.24,72.64,157.45,59.27,16.02,42.65
60,2003-09,2.83,33.65,31.85,78.84,28.79,86.82,95.06,82.95,116.2,43.75,9.0,23.96
61,2003-10,2.79,33.17,35.89,88.84,28.86,87.03,81.44,71.07,105.79,39.83,10.63,28.3
62,2003-11,4.65,55.29,34.86,86.29,26.39,79.58,102.68,89.6,164.88,62.07,31.54,83.97
63,2003-12,6.84,81.33,32.11,79.48,22.58,68.09,98.82,86.23,173.16,65.19,28.92,77.0
64,2003,5.49,65.27,34.0,84.15,24.3,73.29,97.37,84.97,181.49,68.32,25.22,67.15
65,2004-01,7.7,91.56,32.47,80.37,24.86,74.97,94.94,82.85,230.55,86.79,32.37,86.18
66,2004-02,7.79,92.63,34.08,84.36,24.87,75.0,93.29,81.41,202.0,76.05,27.11,72.18
67,2004-03,7.93,94.29,34.24,84.75,21.98,66.29,98.28,85.76,181.59,68.36,30.29,80.64
68,2004-04,7.9,93.94,33.74,83.52,31.31,94.42,91.83,80.13,215.78,81.23,34.51,91.88
69,2004-05,7.93,94.29,34.16,84.55,31.97,96.41,102.64,89.56,258.96,97.49,33.9,90.26
70,2004-06,7.35,87.4,34.08,84.36,32.75,98.76,105.77,92.3,248.42,93.52,32.53,86.61
71,2004-07,5.3,63.02,39.51,97.8,32.97,99.43,99.36,86.7,237.4,89.37,28.68,76.36
72,2004-08,5.11,60.76,35.18,87.08,32.91,99.25,102.85,89.75,188.3,70.89,21.89,58.28
73,2004-09,2.96,35.2,35.16,87.03,32.91,99.25,101.16,88.27,116.49,43.85,15.9,42.33
74,2004-10,0.0,0.0,36.8,91.09,29.59,89.23,95.26,83.12,115.44,43.46,12.22,32.53
75,2004-11,0.0,0.0,33.08,81.88,26.65,80.37,94.17,82.17,105.79,39.83,31.32,83.39
76,2004-12,0.39,4.64,34.24,84.75,25.1,75.69,96.07,83.83,116.15,43.73,31.28,83.28
77,2004,5.03,59.81,34.73,85.96,28.99,87.42,97.97,85.49,184.74,69.55,27.67,73.66
78,2005-01,2.47,29.37,33.6,83.17,23.26,70.15,104.78,91.43,142.68,53.71,27.96,74.44
79,2005-02,3.75,44.59,32.73,81.02,24.58,74.13,104.05,90.79,110.2,41.49,27.65,73.62
80,2005-03,5.24,62.31,34.43,85.22,28.91,87.18,101.03,88.16,146.15,55.02,29.65,78.94
81,2005-04,6.82,81.09,34.51,85.42,30.65,92.43,105.94,92.44,217.3,81.81,32.9,87.59
82,2005-05,7.43,88.35,33.71,83.44,31.42,94.75,114.27,99.71,230.02,86.59,34.46,91.75
83,2005-06,7.62,90.61,33.71,83.44,32.91,99.25,87.21,76.1,212.54,80.01,32.84,87.43
84,2005-07,6.18,73.48,31.7,78.47,32.66,98.49,93.33,81.44,177.69,66.89,28.8,76.68
85,2005-08,5.01,59.57,32.53,80.52,32.71,98.64,77.4,67.54,166.09,62.53,21.9,58.31
86,2005-09,4.64,55.17,35.65,88.24,32.64,98.43,102.59,89.52,126.82,47.74,19.11,50.88
87,2005-10,4.46,53.03,34.19,84.63,31.97,96.41,88.52,77.24,118.99,44.8,32.28,85.94
88,2005-11,4.59,54.58,33.76,83.56,21.98,66.29,94.09,82.1,92.95,34.99,28.45,75.75
89,2005-12,5.16,61.36,33.89,83.89,21.2,63.93,86.11,75.14,113.5,42.73,26.69,71.06
90,2005,5.28,62.79,33.7,83.42,28.74,86.67,96.61,84.3,154.58,58.19,28.56,76.03
91,2006-01,6.31,75.03,32.5,80.45,22.73,68.55,98.7,86.13,165.67,62.37,29.05,77.34
92,2006-02,6.53,77.65,33.47,82.85,25.1,75.69,106.46,92.9,218.31,82.19,28.48,75.83
93,2006-03,7.51,89.3,33.05,81.81,23.56,71.05,102.13,89.12,233.81,88.02,32.06,85.36
94,2006-04,7.68,91.32,33.97,84.08,31.56,95.18,100.32,87.54,216.65,81.56,35.32,94.04
95,2006-05,6.91,82.16,33.58,83.12,31.75,95.75,104.17,90.9,191.14,71.96,33.34,88.77
96,2006-06,5.94,70.63,31.98,79.16,31.28,94.33,95.22,83.09,188.3,70.89,29.44,78.38
97,2006-07,4.62,54.94,34.03,84.23,32.51,98.04,97.91,85.44,163.38,61.51,23.83,63.45
98,2006-08,3.88,46.14,34.64,85.74,32.88,99.16,71.74,62.6,165.79,62.41,18.85,50.19
99,2006-09,3.0,35.67,33.29,82.4,32.71,98.64,71.27,62.19,146.15,55.02,14.42,38.39
100,2006-10,2.89,34.36,33.31,82.45,27.43,82.72,98.45,85.91,207.3,78.04,13.91,37.03
101,2006-11,2.91,34.6,32.01,79.23,28.53,86.04,107.38,93.7,228.14,85.89,19.52,51.97
102,2006-12,3.18,37.81,33.02,81.73,22.43,67.64,108.92,95.04,206.88,77.88,29.06,77.37
103,2006,5.11,60.8,33.24,82.27,28.54,86.07,96.89,84.55,194.29,73.14,25.61,68.18
104,2007-01,3.05,36.27,33.05,81.81,19.29,58.17,99.11,86.48,180.43,67.93,24.14,64.27
105,2007-02,4.24,50.42,34.21,84.68,29.31,88.39,110.07,96.05,260.92,98.23,31.99,85.17
106,2007-03,5.17,61.47,33.08,81.88,21.06,63.51,109.63,95.66,215.63,81.18,32.3,86.0
107,2007-04,7.25,86.21,34.97,86.56,29.69,89.54,103.57,90.38,233.43,87.88,32.77,87.25
108,2007-05,7.9,93.94,33.36,82.57,30.44,91.8,100.57,87.76,235.49,88.65,35.71,95.08
109,2007-06,7.6,90.37,34.32,84.95,32.91,99.25,105.42,91.99,229.49,86.4,36.21,96.41
110,2007-07,7.01,83.35,34.38,85.09,32.67,98.52,105.77,92.3,210.26,79.16,32.88,87.54
111,2007-08,6.68,79.43,34.21,84.68,32.51,98.04,94.41,82.38,212.04,79.83,32.06,85.36
112,2007-09,6.46,76.81,35.18,87.08,29.76,89.75,102.47,89.42,191.74,72.18,33.02,87.91
113,2007-10,6.06,72.06,33.95,84.04,29.67,89.48,79.96,69.77,189.35,71.28,29.1,77.48
114,2007-11,6.0,71.34,34.91,86.41,29.51,88.99,97.79,85.33,151.45,57.02,29.39,78.25
115,2007-12,6.11,72.65,34.35,85.03,22.06,66.53,91.79,80.1,121.47,45.73,29.07,77.4
116,2007,6.13,72.86,34.16,84.56,28.24,85.16,100.05,87.3,202.64,76.29,31.55,84.01
117,2008-01,5.47,65.04,33.77,83.59,20.58,62.06,101.58,88.64,151.68,57.1,28.98,77.16
118,2008-02,5.11,60.76,34.67,85.82,21.43,64.63,105.42,91.99,150.77,56.76,28.83,76.76
119,2008-03,5.27,62.66,33.84,83.76,24.57,74.1,104.22,90.94,220.8,83.12,31.96,85.09
120,2008-04,6.48,77.05,33.81,83.69,28.83,86.94,115.0,100.35,246.68,92.87,35.07,93.37
121,2008-05,7.9,93.94,33.89,83.89,32.75,98.76,108.39,94.58,245.11,92.28,36.49,97.15
122,2008-06,7.9,93.94,34.32,84.95,32.84,99.04,104.22,90.94,244.32,91.98,36.27,96.57
123,2008-07,7.71,91.68,34.48,85.35,32.49,97.98,103.79,90.57,247.71,93.25,34.45,91.72
124,2008-08,7.05,83.83,35.65,88.24,32.84,99.04,102.55,89.49,226.72,85.35,29.99,79.85
125,2008-09,5.93,70.51,33.97,84.08,32.75,98.76,106.2,92.67,189.15,71.21,23.46,62.46
126,2008-10,5.16,61.36,35.21,87.15,32.24,97.23,97.79,85.33,146.38,55.11,19.2,51.12
127,2008-11,6.53,77.65,33.23,82.25,20.87,62.94,95.99,83.76,144.49,54.4,28.74,76.52
128,2008-12,7.9,93.94,35.29,87.35,24.62,74.25,96.4,84.12,214.62,80.8,26.66,70.98
129,2008,6.53,77.69,34.34,85.01,28.07,84.64,103.46,90.28,202.37,76.19,30.01,79.89
130,2009-01,7.9,93.94,35.37,87.55,31.61,95.33,110.23,96.19,261.34,98.39,24.9,66.29
131,2009-02,7.9,93.94,33.46,82.82,21.8,65.74,109.32,95.39,221.02,83.21,29.84,79.45
132,2009-03,7.9,93.94,35.13,86.96,21.27,64.14,102.26,89.23,184.11,69.31,31.51,83.89
133,2009-04,7.9,93.94,34.21,84.68,26.69,80.49,106.03,92.52,192.21,72.36,32.77,87.25
134,2009-05,7.9,93.94,34.83,86.21,30.51,92.01,108.92,95.04,250.33,94.24,36.43,96.99
135,2009-06,7.39,87.87,34.83,86.21,32.75,98.76,112.45,98.12,256.93,96.73,36.23,96.46
136,2009-07,6.7,79.67,34.72,85.94,32.6,98.31,108.39,94.58,251.61,94.72,32.0,85.2
137,2009-08,6.16,73.25,35.62,88.17,32.75,98.76,100.78,87.94,207.44,78.09,26.7,71.09
138,2009-09,5.39,64.09,35.4,87.62,32.31,97.44,77.75,67.85,186.91,70.36,22.36,59.53
139,2009-10,4.51,53.63,33.84,83.76,32.22,97.17,73.49,64.13,138.18,52.02,17.1,45.53
140,2009-11,4.43,52.68,34.05,84.28,15.43,46.53,88.75,77.44,177.18,66.7,26.19,69.73
141,2009-12,4.62,54.94,34.56,85.55,15.64,47.17,106.64,93.05,222.42,83.73,27.41,72.98
142,2009,6.56,77.98,34.67,85.81,27.13,81.82,100.42,87.62,212.47,79.99,28.62,76.2
143,2010-01,5.61,66.71,34.27,84.83,20.84,62.85,101.79,88.82,254.66,95.87,27.92,74.33
144,2010-02,6.48,77.05,34.0,84.16,13.81,41.65,90.92,79.34,202.14,76.1,28.43,75.69
145,2010-03,6.83,81.21,36.17,89.53,25.25,76.15,101.79,88.82,227.17,85.52,33.18,88.34
146,2010-04,7.13,84.78,34.8,86.14,25.23,76.09,104.09,90.83,220.8,83.12,35.61,94.81
147,2010-05,7.9,93.94,35.37,87.55,27.18,81.97,103.62,90.42,215.13,80.99,35.82,95.37
148,2010-06,7.9,93.94,35.4,87.62,32.17,97.01,104.56,91.24,237.1,89.26,36.22,96.43
149,2010-07,7.56,89.89,34.48,85.35,32.73,98.7,104.17,90.9,157.81,59.41,35.38,94.2
150,2010-08,6.66,79.19,33.29,82.4,32.49,97.98,89.91,78.46,124.66,46.93,30.28,80.62
151,2010-09,5.91,70.27,34.21,84.68,32.58,98.25,90.42,78.9,114.49,43.1,25.27,67.28
152,2010-10,6.25,74.32,35.62,88.17,30.46,91.86,85.44,74.56,118.07,44.45,26.81,71.38
153,2010-11,7.9,93.94,35.1,86.88,16.98,51.21,103.28,90.12,187.51,70.59,24.25,64.56
154,2010-12,7.9,93.94,32.32,80.0,16.02,48.31,109.41,95.47,163.38,61.51,23.92,63.69
155,2010,7.0,83.26,34.59,85.61,25.48,76.83,99.12,86.49,185.24,69.74,30.26,80.56
156,2011-01,7.9,93.94,34.72,85.94,16.87,50.88,97.83,85.37,207.65,78.17,26.41,70.31
157,2011-02,7.9,93.94,35.05,86.76,18.65,56.24,94.62,82.57,194.97,73.4,29.21,77.77
158,2011-03,7.9,93.94,35.56,88.02,19.66,59.29,98.04,85.55,217.52,81.89,30.71,81.76
159,2011-04,7.84,93.22,36.0,89.11,21.32,64.29,92.02,80.3,206.67,77.8,32.42,86.32
160,2011-05,7.9,93.94,33.52,82.97,25.68,77.44,97.21,84.83,212.83,80.12,35.55,94.65
161,2011-06,7.8,92.75,35.56,88.02,25.21,76.03,108.54,94.71,180.3,67.88,36.11,96.14
162,2011-07,7.9,93.94,35.7,88.37,30.01,90.5,109.19,95.28,142.3,53.57,35.34,94.09
163,2011-08,7.11,84.54,34.27,84.83,29.06,87.64,107.38,93.7,86.54,32.58,32.08,85.41
164,2011-09,6.23,74.08,33.6,83.17,16.05,48.4,85.81,74.88,88.07,33.16,26.83,71.43
165,2011-10,5.24,62.31,34.32,84.95,14.32,43.19,58.51,51.06,99.3,37.38,22.82,60.76
166,2011-11,5.62,66.83,33.5,82.92,14.46,43.61,56.74,49.51,119.43,44.96,26.44,70.39
167,2011-12,6.07,72.18,34.16,84.55,14.95,45.08,93.61,81.68,150.59,56.69,27.81,74.04
168,2011,7.12,84.63,34.66,85.8,20.52,61.88,91.63,79.95,158.85,59.8,30.14,80.26
169,2012-01,6.06,72.06,34.0,84.16,17.25,52.02,97.21,84.83,130.71,49.21,27.83,74.1
170,2012-02,7.4,87.99,36.03,89.18,18.5,55.79,96.44,84.15,166.82,62.8,29.34,78.11
171,2012-03,7.9,93.94,33.5,82.92,20.73,62.52,95.06,82.95,182.94,68.87,32.64,86.9
172,2012-04,7.9,93.94,33.92,83.96,22.34,67.37,110.21,96.17,238.48,89.78,32.07,85.38
173,2012-05,7.88,93.7,33.92,83.96,21.64,65.26,106.07,92.56,241.9,91.07,35.91,95.61
174,2012-06,7.53,89.54,33.58,83.12,20.72,62.49,108.97,95.09,236.25,88.94,36.22,96.43
175,2012-07,6.63,78.83,35.54,87.97,15.32,46.2,104.82,91.47,169.08,63.65,32.16,85.62
176,2012-08,5.7,67.78,35.4,87.62,16.05,48.4,90.57,79.03,151.39,56.99,27.12,72.2
177,2012-09,4.72,56.12,33.68,83.37,15.38,46.38,79.78,69.62,151.56,57.06,21.66,57.67
178,2012-10,4.04,48.04,34.03,84.23,18.87,56.91,86.8,75.74,147.66,55.59,21.59,57.48
179,2012-11,4.74,56.36,34.86,86.29,13.99,42.19,95.87,83.66,153.62,57.83,27.98,74.49
180,2012-12,5.87,69.8,34.72,85.94,22.09,66.62,93.81,81.86,182.62,68.75,26.0,69.22
181,2012,6.36,75.67,34.43,85.23,18.57,56.01,97.13,84.76,179.42,67.55,29.21,77.77
182,2013-01,6.69,79.55,34.0,84.16,27.97,84.35,111.15,96.99,259.86,97.83,28.6,76.15
183,2013-02,7.9,93.94,34.48,85.35,14.33,43.22,111.24,97.07,242.05,91.12,25.84,68.8
184,2013-03,7.9,93.94,34.21,84.68,16.28,49.1,109.63,95.66,235.03,88.48,30.06,80.03
185,2013-04,7.9,93.94,35.54,87.97,25.32,76.36,105.38,91.96,250.73,94.39,33.79,89.96
186,2013-05,7.9,93.94,33.29,82.4,29.12,87.82,110.65,96.55,252.25,94.96,34.93,93.0
187,2013-06,7.9,93.94,34.91,86.41,28.0,84.44,103.83,90.6,250.01,94.12,35.93,95.66
188,2013-07,7.52,89.42,33.13,82.01,32.37,97.62,100.32,87.54,237.02,89.23,34.6,92.12
189,2013-08,6.62,78.72,33.92,83.96,32.98,99.46,106.94,93.32,207.23,78.02,30.71,81.76
190,2013-09,5.47,65.04,34.62,85.69,22.89,69.03,95.42,83.26,155.36,58.49,24.79,66.0
191,2013-10,4.66,55.41,35.26,87.28,26.65,80.37,99.07,86.45,136.42,51.36,20.88,55.59
192,2013-11,4.0,47.56,33.79,83.64,21.54,64.96,100.4,87.61,166.39,62.64,27.32,72.74
193,2013-12,5.58,66.35,33.71,83.44,23.69,71.44,110.43,96.36,172.73,65.03,29.25,77.88
194,2013,6.67,79.31,34.24,84.75,25.1,75.68,105.37,91.95,213.76,80.47,29.73,79.14
195,2014-01,6.14,73.01,33.92,83.96,16.87,50.88,108.66,94.82,232.89,87.68,31.33,83.41
196,2014-02,7.16,85.14,34.89,86.36,22.89,69.03,113.54,99.08,247.55,93.19,29.57,78.73
197,2014-03,7.9,93.94,35.89,88.84,23.83,71.86,105.34,91.92,237.4,89.37,32.99,87.83
198,2014-04,7.9,93.94,34.0,84.16,24.52,73.94,107.47,93.78,236.56,89.06,33.6,89.46
199,2014-05,7.6,90.37,34.8,86.14,29.66,89.45,108.48,94.66,222.86,83.9,34.63,92.2
200,2014-06,7.2,85.61,34.89,86.36,32.64,98.43,100.53,87.72,174.35,65.64,35.25,93.85
201,2014-07,6.23,74.08,33.95,84.04,32.99,99.49,110.92,96.79,123.76,46.59,31.88,84.88
202,2014-08,5.01,59.57,35.73,88.44,31.68,95.54,111.1,96.95,92.01,34.64,27.41,72.98
203,2014-09,3.4,40.43,34.24,84.75,28.37,85.56,106.55,92.98,74.15,27.92,20.68,55.06
204,2014-10,2.68,31.87,35.84,88.71,24.48,73.82,91.59,79.92,83.02,31.25,16.1,42.87
205,2014-11,2.59,30.8,33.74,83.52,16.73,50.45,114.45,99.87,141.47,53.26,16.58,44.14
206,2014-12,4.06,48.28,35.4,87.62,19.45,58.66,94.33,82.31,133.62,50.3,28.13,74.89
207,2014,5.66,67.25,34.77,86.08,25.34,76.43,106.08,92.57,166.64,62.73,28.18,75.02
208,2015-01,5.03,59.81,33.76,83.56,17.35,52.32,105.6,92.15,154.32,58.1,26.57,70.74
209,2015-02,6.84,81.33,36.14,89.46,22.51,67.88,111.91,97.65,203.73,76.7,30.78,81.95
210,2015-03,7.9,93.94,35.67,88.29,21.89,66.01,106.33,92.78,200.83,75.61,32.96,87.75
211,2015-04,7.9,93.94,34.56,85.55,28.52,86.01,99.4,86.74,229.19,86.28,34.01,90.55
212,2015-05,7.61,90.49,35.65,88.24,31.95,96.35,102.09,89.08,250.17,94.18,35.65,94.92
213,2015-06,6.52,77.53,34.4,85.15,32.22,97.17,92.86,81.03,230.92,86.93,34.59,92.09
214,2015-07,5.21,61.95,34.11,84.43,32.82,98.98,96.68,84.36,188.76,71.06,30.33,80.75
215,2015-08,3.85,45.78,33.23,82.26,31.67,95.51,84.58,73.8,179.28,67.49,26.8,71.34
216,2015-09,3.21,38.17,33.44,82.78,28.91,87.18,76.42,66.68,176.11,66.3,23.41,62.33
217,2015-10,3.52,41.86,37.87,93.74,22.65,68.31,72.16,62.97,158.45,59.65,20.27,53.96
218,2015-11,4.09,48.63,36.31,89.87,17.59,53.05,77.94,68.01,123.01,46.31,32.26,85.88
219,2015-12,4.23,50.3,38.01,94.09,16.74,50.48,66.88,58.36,123.21,46.38,25.49,67.86
220,2015,5.49,65.31,35.26,87.29,25.4,76.6,91.07,79.47,184.83,69.58,29.43,78.34
221,2016-01,4.88,58.03,36.84,91.18,21.01,63.36,91.42,79.77,218.24,82.16,28.99,77.18
222,2016-02,6.87,81.69,37.2,92.07,17.5,52.77,90.13,78.65,253.13,95.3,28.9,76.95
223,2016-03,7.9,96.81,36.39,92.54,17.53,54.13,93.26,81.38,201.52,76.07,32.77,86.42
224,2016-04,7.9,93.94,38.1,94.3,24.84,74.91,88.04,76.83,240.89,90.69,33.39,88.9
225,2016-05,7.9,93.94,37.7,93.32,32.7,98.61,87.37,76.24,256.44,96.54,36.06,96.02
226,2016-06,7.9,93.94,38.13,94.37,32.56,98.19,84.49,73.73,263.47,99.19,36.23,96.46
227,2016-07,7.46,88.7,37.34,92.42,27.79,83.81,83.03,72.46,243.69,91.74,34.79,92.63
228,2016-08,6.35,75.51,38.1,94.3,27.99,84.41,84.62,73.83,211.47,79.61,30.54,81.31
229,2016-09,5.36,63.73,36.2,89.59,23.16,69.84,78.29,68.32,189.35,71.28,27.67,73.67
230,2016-10,3.91,46.49,35.53,87.95,23.21,69.99,66.72,58.22,147.89,55.67,23.49,62.54
231,2016-11,4.53,53.86,37.68,93.27,18.19,54.86,79.1,69.02,156.11,58.77,26.1,69.49
232,2016-12,4.43,52.68,36.53,90.42,17.4,52.47,71.71,62.57,138.88,52.28,25.51,67.92
233,2016,6.28,74.94,37.14,92.15,23.66,71.45,83.18,72.58,210.09,79.11,30.37,80.79
234,2017-01,4.18,49.7,35.78,88.56,19.32,58.26,55.68,48.59,118.07,44.45,26.76,71.25
235,2017-02,4.86,57.79,37.84,93.66,20.6,62.12,72.64,63.39,195.98,73.78,29.14,77.58
236,2017-03,5.08,60.4,37.14,91.93,18.94,57.12,80.81,70.52,205.2,77.25,30.05,80.01
237,2017-04,4.7,55.89,36.11,89.38,24.54,74.01,79.25,69.15,219.92,82.79,33.38,88.87
238,2017-05,3.99,47.44,37.14,91.93,31.03,93.58,72.87,63.59,252.57,95.08,34.53,91.93
239,2017-06,3.38,40.19,35.86,88.76,32.76,98.79,80.26,70.04,249.46,93.91,33.43,89.0
240,2017-07,2.71,32.22,35.95,88.99,32.76,98.79,80.45,70.2,243.3,91.59,33.75,89.86
241,2017-08,2.38,28.3,36.75,90.97,32.78,98.85,87.02,75.93,212.12,79.86,29.45,78.41
242,2017-09,2.63,31.27,37.45,92.7,26.75,80.68,67.89,59.24,158.45,59.65,27.53,73.3
243,2017-10,2.17,25.8,37.7,93.32,21.88,65.98,62.8,54.8,106.65,40.15,21.56,57.4
244,2017-11,3.35,39.83,37.62,93.12,20.8,62.73,73.44,64.08,87.95,33.11,29.69,79.05
245,2017-12,5.26,62.55,38.13,94.38,14.12,42.58,87.53,76.38,117.45,44.22,24.19,64.4
246,2017,3.72,44.28,36.96,91.48,24.69,74.46,75.05,65.49,180.59,67.99,29.46,78.42
247,2018-01,6.68,79.43,37.37,92.5,18.93,57.09,83.78,86.83,181.91,68.48,27.4,72.95
248,2018-02,8.41,100.0,36.33,89.93,12.43,37.49,85.75,88.88,199.8,75.22,27.53,73.3
249,2018-03,8.41,100.0,38.52,95.35,21.88,65.98,91.82,95.17,253.54,95.45,30.37,80.86
250,2018-04,8.41,100.0,38.55,95.42,25.77,77.71,79.19,82.08,239.57,90.19,32.63,86.87
251,2018-05,8.41,100.0,37.93,93.89,30.21,91.1,83.87,86.93,249.85,94.06,35.86,95.47
252,2018-06,8.41,100.0,36.81,91.11,32.68,98.55,87.24,90.42,261.09,98.29,36.17,96.3
253,2018-07,8.41,100.0,35.95,88.99,30.49,91.95,85.56,88.68,227.61,85.69,35.61,94.81
254,2018-08,8.02,95.36,36.78,91.04,30.02,90.53,86.51,89.66,195.98,73.78,33.11,88.15
255,2018-09,7.28,86.54,36.06,89.25,29.5,88.96,80.81,83.75,157.16,59.17,29.04,77.32
256,2018-10,6.31,74.97,36.08,89.32,21.77,65.64,77.14,79.95,132.0,49.69,24.32,64.76
257,2018-11,7.29,86.68,36.7,90.84,19.2,57.9,81.72,84.7,155.82,58.66,30.51,81.23
258,2018-12,7.15,85.02,37.14,91.93,17.0,51.27,82.7,85.72,132.42,49.85,24.7,65.76
259,2018,7.77,92.33,37.02,91.63,24.16,72.85,83.84,86.9,198.9,74.88,30.61,81.48
260,2019-01,7.29,86.68,36.7,90.84,19.8,59.71,77.2,80.01,174.16,65.57,25.97,69.14
261,2019-02,8.41,100.0,37.48,92.77,19.24,58.02,89.51,92.77,202.83,76.36,28.1,74.81
262,2019-03,8.28,98.45,37.42,92.62,22.23,67.04,88.92,92.16,198.5,74.73,32.47,86.45
263,2019-04,8.18,97.27,36.78,91.04,27.82,83.9,89.83,93.1,223.08,83.98,33.43,89.0
264,2019-05,7.64,90.87,36.75,90.97,31.75,95.76,91.42,94.75,230.39,86.73,36.43,97.0
265,2019-06,6.87,81.69,37.79,93.54,31.49,94.96,88.53,91.76,233.88,88.05,36.64,97.55
266,2019-07,6.26,74.44,36.92,91.39,29.16,87.94,90.85,94.16,184.76,69.56,33.96,90.42
267,2019-08,5.02,59.69,37.14,91.93,29.01,87.49,88.4,91.62,172.97,65.12,29.2,77.74
268,2019-09,4.26,50.65,38.07,94.23,29.12,87.82,87.66,90.86,128.6,48.41,26.71,71.11
269,2019-10,4.14,49.23,37.42,92.62,27.15,81.88,83.84,86.9,113.93,42.89,28.07,74.73
270,2019-11,6.09,72.41,38.07,94.23,30.46,91.86,92.32,95.69,231.68,87.22,28.28,75.29
271,2019-12,8.16,97.03,37.03,91.66,16.66,50.24,88.69,91.92,254.66,95.87,25.82,68.74
272,2019,6.72,79.87,37.3,92.32,26.16,78.88,88.1,91.31,195.79,73.71,30.42,81.0
273,2020-01,7.98,97.89,36.11,89.4,17.03,51.35,77.91,80.75,166.64,62.73,27.7,73.75
274,2020-02,7.79,95.55,37.11,91.88,18.15,54.75,86.44,89.59,176.61,66.49,28.89,76.92
275,2020-03,8.14,99.77,36.95,91.46,16.38,49.4,82.18,85.17,206.32,77.67,29.43,78.35
276,2020-04,8.16,100.0,37.42,92.64,14.76,44.53,87.43,90.62,225.15,84.76,32.21,85.76
277,2020-05,8.16,100.0,37.59,93.05,30.94,93.31,87.27,90.45,229.64,86.45,36.11,96.13
278,2020-06,7.75,95.06,37.76,93.47,31.91,96.23,88.5,91.72,204.01,76.8,36.32,96.69
279,2020-07,6.96,85.29,36.28,89.81,32.64,98.45,86.38,89.53,192.82,72.59,34.34,91.44
280,2020-08,5.59,68.56,38.44,95.15,32.39,97.68,83.96,87.02,180.82,68.07,29.48,78.48
281,2020-09,5.08,62.29,37.31,92.36,28.25,85.21,70.12,72.67,147.89,55.68,26.51,70.59
282,2020-10,6.13,75.18,36.2,89.6,25.45,76.76,80.11,83.03,144.6,54.44,29.97,79.8
283,2020-11,5.7,69.94,37.0,91.6,21.15,63.78,76.26,79.04,135.2,50.9,26.47,70.47
284,2020-12,6.38,78.18,35.34,87.49,14.38,43.38,77.11,79.92,144.77,54.5,26.82,71.41
285,2020,6.99,85.64,36.96,91.49,23.62,71.24,81.97,84.96,179.54,67.59,30.35,80.82
286,2021-01,7.22,88.5,36.03,89.19,20.7,62.42,85.27,88.38,141.2,53.16,28.13,74.89
287,2021-02,8.3,101.72,35.95,88.98,17.15,51.72,84.9,87.99,250.57,94.33,29.3,78.0
288,2021-03,7.91,96.97,37.62,93.12,23.42,70.62,89.05,92.29,186.19,70.1,31.33,83.41
289,2021-04,7.66,93.97,37.09,91.81,26.48,79.86,88.92,92.16,182.75,68.8,32.67,87.0
290,2021-05,8.09,99.22,37.11,91.88,31.6,95.32,86.38,89.53,208.99,78.68,36.45,97.06
291,2021-06,8.3,101.72,37.42,92.64,32.31,97.45,87.69,90.89,215.13,80.99,36.38,96.87
292,2021-07,7.85,96.25,36.36,90.01,31.53,95.09,82.21,85.2,196.86,74.11,35.48,94.47
293,2021-08,6.54,80.16,37.03,91.67,30.21,91.13,76.12,78.89,162.9,61.33,31.42,83.67
294,2021-09,5.29,64.86,37.62,93.12,27.33,82.43,72.53,75.17,124.01,46.69,28.72,76.48
295,2021-10,4.09,50.2,36.36,90.01,25.22,76.07,72.08,74.7,108.32,40.78,26.17,69.67
296,2021-11,4.55,55.82,36.67,90.77,19.14,57.72,79.28,82.17,107.32,40.4,24.4,64.96
297,2021-12,6.64,81.45,36.75,90.98,16.87,50.89,74.12,76.83,115.15,43.35,27.45,73.08
298,2021,6.87,84.24,36.83,91.18,25.16,75.89,81.54,84.52,166.62,62.73,30.66,81.63
299,2022-01,7.17,87.92,36.97,91.53,17.63,53.19,77.05,79.86,142.02,53.47,26.78,71.31
300,2022-02,6.74,82.59,35.95,88.98,14.04,42.34,81.54,84.51,117.78,44.34,28.84,76.79
301,2022-03,7.58,92.9,38.04,94.17,20.86,62.91,72.9,75.55,132.99,50.07,33.01,87.88
302,2022-04,8.22,100.72,36.2,89.6,26.75,80.67,84.46,87.54,110.38,41.56,34.38,91.54
303,2022-05,7.8,95.66,36.61,90.63,32.54,98.15,71.15,73.74,117.74,44.32,36.53,97.26
304,2022-06,7.3,89.44,37.53,92.92,31.38,94.64,63.76,66.08,137.75,51.86,35.07,93.38
305,2022-07,6.59,80.75,37.67,93.26,31.72,95.66,63.19,65.49,135.73,51.1,35.05,93.33
306,2022-08,5.51,67.52,38.75,95.92,30.74,92.72,70.48,73.05,113.97,42.91,32.02,85.26
307,2022-09,4.44,54.4,35.73,88.44,29.65,89.43,73.81,76.5,98.78,37.19,28.74,76.51
308,2022-10,3.36,41.22,38.01,94.1,31.14,93.91,68.02,70.5,91.64,38.53,28.05,74.67
309,2022-11,2.99,36.71,36.61,90.63,16.91,50.99,76.41,79.19,118.57,49.86,28.58,76.09
310,2022-12,3.42,41.97,38.1,94.31,17.34,52.31,75.22,77.96,145.66,61.25,25.33,67.44
311,2022,5.93,72.65,37.18,92.04,25.06,75.58,73.16,75.83,121.92,47.2,31.03,82.62
312,2023-01,4.71,57.76,38.1,94.31,18.26,55.06,94.96,98.43,220.53,92.74,26.48,70.49
